<?xml version='1.0' encoding='utf-8'?>
<annotation>
	<folder>VOC2007</folder>
	<filename>000002.jpg</filename>
	<source>
		<database>The VOC2007 Database</database>
	<annotation>PASCAL VOC2007</annotation></source>
	<size>
		<width>480</width>
		<height>256</height>
		<depth>3</depth>
	</size>
	<segmented>0</segmented>
	<object>
		<name>YES</name>
		<pose>Unspecified</pose>
		<truncated>0</truncated>
		<difficult>0</difficult>
		<bndbox>
			<xmin>34</xmin>
			<ymin>3</ymin>
			<xmax>71</xmax>
			<ymax>81</ymax>
		</bndbox>
	</object>
	<object>
		<name>YES</name>
		<pose>Unspecified</pose>
		<truncated>0</truncated>
		<difficult>0</difficult>
		<bndbox>
			<xmin>1</xmin>
			<ymin>58</ymin>
			<xmax>19</xmax>
			<ymax>128</ymax>
		</bndbox>
	</object>
	<object>
		<name>YES</name>
		<pose>Unspecified</pose>
		<truncated>0</truncated>
		<difficult>0</difficult>
		<bndbox>
			<xmin>163</xmin>
			<ymin>64</ymin>
			<xmax>186</xmax>
			<ymax>111</ymax>
		</bndbox>
	</object>
	<object>
		<name>YES</name>
		<pose>Unspecified</pose>
		<truncated>0</truncated>
		<difficult>0</difficult>
		<bndbox>
			<xmin>70</xmin>
			<ymin>78</ymin>
			<xmax>104</xmax>
			<ymax>136</ymax>
		</bndbox>
	</object>
	<object>
		<name>YES</name>
		<pose>Unspecified</pose>
		<truncated>0</truncated>
		<difficult>0</difficult>
		<bndbox>
			<xmin>220</xmin>
			<ymin>72</ymin>
			<xmax>251</xmax>
			<ymax>132</ymax>
		</bndbox>
	</object>
	<object>
		<name>YES</name>
		<pose>Unspecified</pose>
		<truncated>0</truncated>
		<difficult>0</difficult>
		<bndbox>
			<xmin>245</xmin>
			<ymin>65</ymin>
			<xmax>268</xmax>
			<ymax>103</ymax>
		</bndbox>
	</object>
	<object>
		<name>YES</name>
		<pose>Unspecified</pose>
		<truncated>1</truncated>
		<difficult>0</difficult>
		<bndbox>
			<xmin>82</xmin>
			<ymin>181</ymin>
			<xmax>139</xmax>
			<ymax>256</ymax>
		</bndbox>
	</object>
	<object>
		<name>YES</name>
		<pose>Unspecified</pose>
		<truncated>0</truncated>
		<difficult>0</difficult>
		<bndbox>
			<xmin>357</xmin>
			<ymin>70</ymin>
			<xmax>441</xmax>
			<ymax>181</ymax>
		</bndbox>
	</object>
	<object>
		<name>YES</name>
		<pose>Unspecified</pose>
		<truncated>0</truncated>
		<difficult>0</difficult>
		<bndbox>
			<xmin>300</xmin>
			<ymin>126</ymin>
			<xmax>330</xmax>
			<ymax>172</ymax>
		</bndbox>
	</object>
	<object>
		<name>YES</name>
		<pose>Unspecified</pose>
		<truncated>0</truncated>
		<difficult>0</difficult>
		<bndbox>
			<xmin>121</xmin>
			<ymin>106</ymin>
			<xmax>152</xmax>
			<ymax>147</ymax>
		</bndbox>
	</object>
	<object>
		<name>YES</name>
		<pose>Unspecified</pose>
		<truncated>0</truncated>
		<difficult>0</difficult>
		<bndbox>
			<xmin>315</xmin>
			<ymin>103</ymin>
			<xmax>341</xmax>
			<ymax>131</ymax>
		</bndbox>
	</object>
	<object>
		<name>YES</name>
		<pose>Unspecified</pose>
		<truncated>0</truncated>
		<difficult>0</difficult>
		<bndbox>
			<xmin>137</xmin>
			<ymin>74</ymin>
			<xmax>153</xmax>
			<ymax>105</ymax>
		</bndbox>
	</object>
</annotation>